"","ID","pair_number"
"1","D001",1
"2","D003",3
"3","D005",5
"4","D006",6
"5","D007",7
"6","D008",8
"7","D009",9
"8","D010",10
"9","D011",11
"10","D012",12
"11","D013",13
"12","D014",14
"13","D015",15
"14","D016",16
"15","D017",17
"16","D018",18
"17","D020",20
"18","D021",21
"19","D023",23
"20","D024",24
"21","D026",26
"22","D030",30
"23","D031",31
"24","D034",34
"25","D035",35
"26","D036",36
"27","D039",39
"28","D040",40
"29","D041",41
"30","D042",42
"31","D047",47
"32","D048",48
"33","D049",49
"34","D051",51
"35","D052",52
"36","D053",53
"37","D056",56
"38","D062",62
"39","D063",63
"40","D065",65
"41","D066",66
"42","D069",69
"43","D070",70
"44","D071",71
"45","D073",73
"46","D075",75
"47","D076",76
"48","D077",77
"49","D078",78
"50","D079",79
"51","D080",80
"52","D081",81
"53","D092",92
"54","D093",93
"55","D094",94
"56","D095",95
"57","D096",96
"58","D097",97
"59","D098",98
"60","D099",99
"61","D100",100
"62","D101",101
"63","D102",102
"64","D103",103
"65","D104",104
"66","D105",105
"67","D106",106
"68","D107",107
"69","D108",108
"70","D109",109
"71","D110",110
"72","D111",111
"73","D112",112
"74","D113",113
"75","D114",114
"76","D115",115
"77","D116",116
"78","D117",117
"79","D118",118
"80","D119",119
"81","D120",120
"82","D121",121
"83","D122",122
"84","D123",123
"85","D124",124
"86","D125",125
"87","D126",126
"88","D127",127
"89","D128",128
"90","D129",129
"91","D130",130
"92","D131",131
"93","D132",132
"94","D133",133
"95","D134",134
"96","D135",135
"97","D136",136
"98","D137",137
"99","D138",138
"100","D139",139
"101","H001",1
"102","H003",3
"103","H005",5
"104","H006",6
"105","H007",7
"106","H008",8
"107","H009",9
"108","H010",10
"109","H011",11
"110","H012",12
"111","H013",13
"112","H014",14
"113","H015",15
"114","H016",16
"115","H017",17
"116","H018",18
"117","H020",20
"118","H021",21
"119","H023",23
"120","H024",24
"121","H026",26
"122","H030",30
"123","H031",31
"124","H034",34
"125","H035",35
"126","H036",36
"127","H039",39
"128","H040",40
"129","H041",41
"130","H042",42
"131","H047",47
"132","H048",48
"133","H049",49
"134","H051",51
"135","H052",52
"136","H053",53
"137","H056",56
"138","H062",62
"139","H063",63
"140","H065",65
"141","H066",66
"142","H069",69
"143","H070",70
"144","H071",71
"145","H073",73
"146","H075",75
"147","H076",76
"148","H077",77
"149","H078",78
"150","H079",79
"151","H080",80
"152","H081",81
"153","H092",92
"154","H093",93
"155","H094",94
"156","H095",95
"157","H096",96
"158","H097",97
"159","H098",98
"160","H099",99
"161","H100",100
"162","H101",101
"163","H102",102
"164","H103",103
"165","H104",104
"166","H105",105
"167","H106",106
"168","H107",107
"169","H108",108
"170","H109",109
"171","H110",110
"172","H111",111
"173","H112",112
"174","H113",113
"175","H114",114
"176","H115",115
"177","H116",116
"178","H117",117
"179","H118",118
"180","H119",119
"181","H120",120
"182","H121",121
"183","H122",122
"184","H123",123
"185","H124",124
"186","H125",125
"187","H126",126
"188","H127",127
"189","H128",128
"190","H129",129
"191","H130",130
"192","H131",131
"193","H132",132
"194","H133",133
"195","H134",134
"196","H135",135
"197","H136",136
"198","H137",137
"199","H138",138
"200","H139",139
