ID,DH_type,Date,infected_adult,adult_count,juvenile_count,one_leaf_count,cot_count
H001,H,20-May,0,0,0,1,0
H002,,,,,,,
H003,H,20-May,0,0,5,1,0
H004,,,,,,,
H005,H,21-May,0,8,6,1,0
H006,H,21-May,0,0,3,0,0
H007,H,16-May,0,3,1,0,0
H008,H,16-May,0,1,42,1,0
H009,H,16-May,0,0,2,0,0
H010,H,16-May,0,1,1,0,0
H011,H,16-May,0,2,3,1,0
H012,H,17-May,0,1,8,1,0
H013,H,15-May,0,1,3,0,0
H014,H,17-May,0,1,36,8,0
H015,H,17-May,0,3,2,1,0
H016,H,18-May,0,1,9,5,0
H017,H,18-May,0,1,1,0,0
H018,H,18-May,0,0,0,0,0
H019,,,,,,,
H020,H,20-May,0,3,4,3,0
H021,H,27-May,0,2,0,4,0
H022,,,,,,,
H023,H,17-May,0,4,4,0,0
H024,H,15-May,0,0,0,4,0
H025,,,,,,,
H026,H,15-May,2,0,4,3,0
H027,,,,,,,
H028,,,,,,,
H029,,,,,,,
H030,H,20-May,0,1,2,0,0
H031,H,24-May,0,1,0,0,0
H032,,,,,,,
H033,,,,,,,
H034,H,24-May,0,0,2,0,0
H035,H,22-May,0,3,9,0,0
H036,H,15-May,0,3,0,0,0
H037,,,,,,,
H038,,,,,,,
H039,H,15-May,0,0,2,0,0
H040,H,16-May,0,1,3,0,0
H041,H,16-May,0,3,14,0,0
H042,H,15-May,,2,1,0,0
H043,,,,,,,
H044,,,,,,,
H045,,,,,,,
H046,,,,,,,
H047,H,23-May,0,1,2,1,0
H048,H,16-May,0,1,2,0,0
H049,H,23-May,0,1,1,0,0
H050,,,,,,,
H051,H,21-May,0,0,3,0,0
H052,H,21-May,0,0,1,0,0
H053,H,21-May,0,0,0,0,0
H054,,,,,,,
H055,,,,,,,
H056,H,03-Jun,0,1,3,1,0
H057,,,,,,,
H058,,,,,,,
H059,,,,,,,
H060,,,,,,,
H061,,,,,,,
H062,H,23-May,0,0,0,2,0
H063,H,23-May,0,0,3,1,0
H064,,,,,,,
H065,H,23-May,0,3,8,6,0
H066,H,24-May,0,0,0,0,0
H067,,,,,,,
H068,,,,,,,
H069,H,24-May,0,2,0,1,0
H070,H,23-May,0,5,7,4,0
H071,H,23-May,1,0,0,0,0
H072,,,,,,,
H073,H,23-May,0,2,3,0,0
H074,,,,,,,
H075,H,22-May,2,0,1,0,0
H076,H,22-May,1,0,0,0,0
H077,H,22-May,0,0,2,0,0
H078,H,21-May,0,0,0,0,0
H079,H,21-May,0,0,0,0,0
H080,H,20-May,0,2,2,0,0
H081,H,20-May,0,1,3,2,0
H082,,,,,,,
H083,,,,,,,
H084,,,,,,,
H085,,,,,,,
H086,,,,,,,
H087,,,,,,,
H088,,,,,,,
H089,,,,,,,
H090,,,,,,,
H091,,,,,,,
H092,H,15-May,0,3,2,0,0
H093,H,15-May,0,0,1,0,0
H094,H,16-May,0,6,5,1,0
H095,H,16-May,0,5,12,1,0
H096,H,17-May,0,2,3,0,0
H097,H,17-May,0,0,1,0,0
H098,H,17-May,0,2,7,6,0
H099,H,17-May,0,2,4,1,0
H100,H,17-May,1,1,9,4,0
H101,H,18-May,0,0,1,0,0
H102,H,18-May,0,0,2,1,0
H103,H,18-May,0,3,3,1,0
H104,H,20-May,0,3,6,0,0
H105,H,20-May,0,2,3,1,0
H106,H,20-May,0,1,2,0,0
H107,H,20-May,1,0,5,2,0
H108,H,21-May,0,4,2,4,0
H109,H,21-May,0,1,13,9,0
H110,H,21-May,0,1,3,4,0
H111,H,21-May,0,0,3,0,0
H112,H,21-May,0,0,0,0,0
H113,H,21-May,3,0,10,6,0
H114,H,21-May,0,0,3,6,0
H115,H,21-May,0,2,4,10,0
H116,H,21-May,1,2,5,12,0
H117,H,May21,0,1,6,4,0
H118,H,22-May,0,0,0,0,0
H119,H,23-May,0,2,4,2,0
H120,H,23-May,0,0,4,0,0
H121,H,23-May,0,0,1,0,0
H122,H,23-May,1,0,2,0,0
H123,H,23-May,0,6,4,0,0
H124,H,23-May,0,0,4,1,0
H125,H,24-May,2,2,12,9,0
H126,H,24-May,0,0,5,6,0
H127,H,24-May,0,2,3,6,0
H128,H,24-May,0,3,0,0,0
H129,H,24-May,0,1,2,0,0
H130,H,24-May,0,1,2,0,0
H131,H,24-May,0,2,10,6,0
H132,H,24-May,0,3,8,2,0
H133,H,24-May,0,0,3,1,0
H134,H,24-May,0,2,1,0,0
H135,H,24-May,0,0,0,0,0
H136,H,24-May,0,0,0,0,0
H137,H,24-May,0,1,1,0,0
H138,H,03-Jun,0,2,1,2,0
H139,H,27-May,0,3,4,0,0
D001,D,20-May,0,3,0,2,0
D002,,,,,,,
D003,D,20-May,0,1,1,2,0
D004,,,,,,,
D005,D,21-May,2,2,3,1,0
D006,D,21-May,1,0,4,0,0
D007,D,14-May,0,2,1,0,0
D008,D,13-May,0,3,16,1,1
D009,D,16-May,0,3,2,1,0
D010,D,14-May,0,1,4,1,0
D011,D,14-May,0,1,0,0,0
D012,D,17-May,0,3,4,0,0
D013,D,14-May,0,0,2,1,0
D014,D,17-May,0,2,11,11,0
D015,D,17-May,0,1,2,0,0
D016,D,17-May,0,0,7,0,0
D017,D,18-May,0,0,1,0,0
D018,D,18-May,0,0,0,0,0
D019,,,,,,,
D020,D,20-May,0,2,6,2,0
D021,D,27-May,0,4,4,0,0
D022,,,,,,,
D023,D,17-May,0,1,4,3,0
D024,D,15-May,0,0,10,3,0
D025,,,,,,,
D026,D,15-May,0,0,5,1,0
D027,,,,,,,
D028,,,,,,,
D029,,,,,,,
D030,D,20-May,1,1,3,2,0
D031,D,24-May,0,1,0,1,0
D032,,,,,,,
D033,,,,,,,
D034,D,24-May,0,0,2,0,0
D035,D,22-May,0,1,3,0,0
D036,D,15-May,0,5,12,0,0
D037,,,,,,,
D038,,,,,,,
D039,D,15-May,0,1,2,4,0
D040,D,14-May,0,3,0,0,0
D041,D,14-May,0,14,21,5,0
D042,D,15-May,0,4,2,0,0
D043,,,,,,,
D044,,,,,,,
D045,,,,,,,
D046,,,,,,,
D047,D,23-May,0,1,1,1,0
D048,D,13-May,0,1,3,1,0
D049,D,23-May,0,0,2,2,0
D050,,,,,,,
D051,D,22-May,0,0,1,0,0
D052,D,22-May,0,2,2,0,0
D053,D,22-May,1,4,2,0,0
D054,,,,,,,
D055,,,,,,,
D056,D,27-May,0,3,0,0,0
D057,,,,,,,
D058,,,,,,,
D059,,,,,,,
D060,,,,,,,
D061,,,,,,,
D062,D,23-May,0,3,1,1,0
D063,D,23-May,0,1,6,0,0
D064,,,,,,,
D065,D,13-May,0,8,4,0,0
D066,D,24-May,1,1,3,2,0
D067,,,,,,,
D068,,,,,,,
D069,D,24-May,2,0,1,1,0
D070,D,23-May,1,0,0,0,0
D071,D,23-May,1,2,9,6,0
D072,,,,,,,
D073,D,23-May,1,3,5,1,0
D074,,,,,,,
D075,D,22-May,0,0,4,0,0
D076,D,21-May,0,0,1,0,0
D077,D,22-May,0,3,1,0,0
D078,D,21-May,0,1,0,0,0
D079,D,21-May,0,0,0,0,0
D080,D,20-May,0,1,0,1,0
D081,D,20-May,1,1,1,1,0
D082,,,,,,,
D083,,,,,,,
D084,,,,,,,
D085,,,,,,,
D086,,,,,,,
D087,,,,,,,
D088,,,,,,,
D089,,,,,,,
D090,,,,,,,
D091,,,,,,,
D092,D,15-May,0,3,13,0,0
D093,D,15-May,0,1,4,1,0
D094,D,16-May,0,3,1,0,0
D095,D,16-May,0,10,28,7,0
D096,D,17-May,0,6,2,1,0
D097,D,17-May,0,3,7,1,0
D098,D,17-May,0,0,0,2,0
D099,D,17-May,0,2,1,1,0
D100,D,17-May,0,0,0,0,0
D101,D,18-May,0,0,6,8,0
D102,D,18-May,0,2,11,1,0
D103,D,18-May,0,0,4,1,0
D104,D,20-May,0,4,3,2,0
D105,D,20-May,0,3,2,3,0
D106,D,20-May,0,2,2,0,0
D107,D,20-May,0,2,12,1,0
D108,D,21-May,0,1,1,6,0
D109,D,21-May,0,1,3,1,0
D110,D,21-May,0,0,5,6,0
D111,D,21-May,0,1,3,7,0
D112,D,21-May,0,0,1,0,0
D113,D,21-May,0,0,7,2,0
D114,D,21-May,0,4,22,9,0
D115,D,21-May,1,1,8,0,0
D116,D,21-May,0,1,0,0,0
D117,D,21-May,0,1,0,1,0
D118,D,21-May,0,0,0,0,0
D119,D,23-May,1,0,3,0,0
D120,D,23-May,0,3,5,0,0
D121,D,23-May,2,1,0,0,0
D122,D,23-May,2,0,0,2,0
D123,D,23-May,0,6,3,0,0
D124,D,23-May,0,0,2,0,0
D125,D,24-May,1,2,3,2,0
D126,D,24-May,0,3,6,1,0
D127,D,24-May,0,3,3,3,0
D128,D,24-May,1,2,8,0,0
D129,D,24-May,0,0,2,2,0
D130,D,24-May,0,0,4,0,0
D131,D,24-May,0,2,8,2,0
D132,D,24-May,0,0,2,2,0
D133,D,24-May,0,0,0,0,0
D134,D,24-May,1,0,3,0,0
D135,D,24-May,0,0,1,0,0
D136,D,24-May,1,0,1,0,0
D137,D,24-May,2,0,1,0,0
D138,D,27-May,0,2,0,0,0
D139,D,27-May,3,1,1,9,0
